<?xml version="1.0"?>
<addon scheme="3.0">
  <id>kashier</id>
  <name>Kashier</name>
  <copyright>Kashier</copyright>
  <authorURL>https://kashier.io</authorURL>
  <version>1.5.4</version>
  <default_language>en</default_language>
  <priority>4500</priority>
  <position>0</position>
  <status>active</status>
  <auto_install>MULTIVENDOR,ULTIMATE</auto_install>
  <dependencies></dependencies>
  <queries>
    <item for="install">
      INSERT INTO `?:payment_processors` (`processor_id`, `processor`, `processor_script`, `processor_template`, `admin_template`, `callback`, `type`, `addon`) VALUES
      ('', 'Kashier', 'kashier.php', 'views/orders/components/payments/cc_outside.tpl', 'kashier.tpl', 'N', 'P', 'kashier')
    </item>
    <item for="uninstall">DELETE FROM ?:payment_processors WHERE processor = 'kashier'</item>
  </queries>
  <compatibility>
    <core_version>
      <min>4.2.0</min>
    </core_version>

    <php_version>
      <!-- The minimum PHP version required. -->
      <min>5.6.0</min>
    </php_version>

    <php_extensions>
      <curl>
        <supported>Y</supported>
      </curl>
      <!-- A required PHP extension with a specific version. -->
      <json>
        <supported>Y</supported>
      </json>
    </php_extensions>
  </compatibility>
</addon>
